0.0,0,35,175.0
0.001,1,36,179.998
0.002,4,37,184.984
0.003,9,38,189.946
0.004,16,39,194.872
0.005,25,40,199.75
0.006,36,41,204.568
0.007,49,42,209.314
0.008,64,43,213.976
0.009,81,44,218.542
0.01,100,45,223.0
0.011,121,46,227.338
0.012,144,47,231.544
0.013,169,48,235.606
0.014,196,49,239.512
0.015,225,50,243.25
0.016,256,51,246.808
0.017,289,52,250.174
0.018,324,53,253.336
0.019,361,54,256.282
0.02,400,55,259.0
0.021,441,56,261.478
0.022,484,57,263.704
0.023,529,58,265.666
0.024,576,59,267.352
0.025,625,60,268.75
0.026,676,61,269.848
0.027,729,62,270.634
0.028,784,63,271.096
0.029,841,64,271.222
0.03,900,65,271.0
0.031,961,66,270.418
0.032,1024,67,269.464
0.033,1089,68,268.126
0.034,1156,69,266.392
0.035,1225,70,264.25
0.036,1296,71,261.688
0.037,1369,72,258.694
0.038,1444,73,255.256
0.039,1521,74,251.362
0.04,1600,75,247.0
0.041,1681,76,242.158
0.042,1764,77,236.82399999999998
0.043,1849,78,230.98600000000002
0.044,1936,79,224.632
0.045,2025,80,217.75
0.046,2116,81,210.328
0.047,2209,82,202.354
0.048,2304,83,193.816
0.049,2401,84,184.702
0.05,2500,85,175.0
0.051,2601,86,164.69800000000004
0.052,2704,87,153.784
0.053,2809,88,142.24599999999998
0.054,2916,89,130.072
0.055,3025,90,117.25
0.056,3136,91,103.76799999999997
0.057,3249,92,89.61399999999998
0.058,3364,93,74.77599999999995
0.059,3481,94,59.24200000000002
0.06,3600,95,43.0
0.061,3721,96,26.03800000000001
0.062,3844,97,8.343999999999994
0.063,3969,98,10.093999999999994
0.064,4096,99,29.28800000000001
0.065,4225,100,49.25
0.066,4356,101,69.99200000000008
0.067,4489,102,91.52600000000007
0.068,4624,103,113.86400000000003
0.069,4761,104,137.01800000000003
0.07,4900,105,161.0000000000001
0.071,5041,106,185.8219999999999
0.072,5184,107,211.49599999999998
0.073,5329,108,238.034
0.074,5476,109,265.448
0.075,5625,110,293.75
0.076,5776,111,322.952
0.077,5929,112,353.06600000000003
0.078,6084,113,384.10400000000004
0.079,6241,114,416.078
0.08,6400,115,449.0
0.081,6561,116,482.88200000000006
0.082,6724,117,517.7360000000001
0.083,6889,118,553.5740000000001
0.084,7056,119,590.4080000000001
0.085,7225,120,628.25
0.086,7396,121,667.1119999999999
0.087,7569,122,707.0059999999999
0.088,7744,123,747.944
0.089,7921,124,789.9379999999999
0.09,8100,125,833.0
0.091,8281,126,877.142
0.092,8464,127,922.376
0.093,8649,128,968.7139999999999
0.094,8836,129,1016.1679999999999
0.095,9025,130,1064.75
0.096,9216,131,1114.472
0.097,9409,132,1165.346
0.098,9604,133,1217.384
0.099,9801,134,1270.5980000000002
0.1,10000,135,1325.0
0.101,10201,136,1380.6020000000003
0.102,10404,137,1437.4159999999997
0.103,10609,138,1495.4539999999997
0.104,10816,139,1554.728
0.105,11025,140,1615.25
0.106,11236,141,1677.0320000000002
0.107,11449,142,1740.0859999999998
0.108,11664,143,1804.424
0.109,11881,144,1870.058
0.11,12100,145,1937.0
0.111,12321,146,2005.2620000000002
0.112,12544,147,2074.856
0.113,12769,148,2145.794
0.114,12996,149,2218.088
0.115,13225,150,2291.75
0.116,13456,151,2366.7920000000004
0.117,13689,152,2443.226
0.118,13924,153,2521.064
0.119,14161,154,2600.3179999999998
0.12,14400,155,2681.0
0.121,14641,156,2763.122
0.122,14884,157,2846.696
0.123,15129,158,2931.734
0.124,15376,159,3018.248
0.125,15625,160,3106.25
0.126,15876,161,3195.752
0.127,16129,162,3286.7659999999996
0.128,16384,163,3379.304
0.129,16641,164,3473.3779999999997
0.13,16900,165,3569.0
0.131,17161,166,3666.182
0.132,17424,167,3764.9360000000006
0.133,17689,168,3865.2740000000003
0.134,17956,169,3967.2080000000005
0.135,18225,170,4070.75
0.136,18496,171,4175.912
0.137,18769,172,4282.706
0.138,19044,173,4391.144
0.139,19321,174,4501.238
0.14,19600,175,4613.000000000001
0.141,19881,176,4726.441999999999
0.142,20164,177,4841.575999999999
0.143,20449,178,4958.414
0.144,20736,179,5076.968
0.145,21025,180,5197.25
0.146,21316,181,5319.272
0.147,21609,182,5443.045999999999
0.148,21904,183,5568.584
0.149,22201,184,5695.898
0.15,22500,185,5825.0
0.151,22801,186,5955.902
0.152,23104,187,6088.616
0.153,23409,188,6223.1539999999995
0.154,23716,189,6359.528
0.155,24025,190,6497.75
0.156,24336,191,6637.832
0.157,24649,192,6779.786
0.158,24964,193,6923.624
0.159,25281,194,7069.358
0.16,25600,195,7217.0
0.161,25921,196,7366.562
0.162,26244,197,7518.0560000000005
0.163,26569,198,7671.494000000001
0.164,26896,199,7826.888000000001
0.165,27225,200,7984.25
0.166,27556,201,8143.592000000001
0.167,27889,202,8304.926000000001
0.168,28224,203,8468.264000000001
0.169,28561,204,8633.618
0.17,28900,205,8801.0
0.171,29241,206,8970.422
0.172,29584,207,9141.895999999999
0.173,29929,208,9315.434
0.174,30276,209,9491.047999999999
0.175,30625,210,9668.75
0.176,30976,211,9848.552
0.177,31329,212,10030.465999999999
0.178,31684,213,10214.503999999999
0.179,32041,214,10400.678
0.18,32400,215,10589.0
0.181,32761,216,10779.482
0.182,33124,217,10972.136
0.183,33489,218,11166.974
0.184,33856,219,11364.008
0.185,34225,220,11563.25
0.186,34596,221,11764.712
0.187,34969,222,11968.406
0.188,35344,223,12174.344
0.189,35721,224,12382.538
0.19,36100,225,12593.0
0.191,36481,226,12805.742
0.192,36864,227,13020.776
0.193,37249,228,13238.114
0.194,37636,229,13457.768
0.195,38025,230,13679.75
0.196,38416,231,13904.072
0.197,38809,232,14130.746000000001
0.198,39204,233,14359.784000000001
0.199,39601,234,14591.198
0.2,40000,235,14825.0
0.201,40401,236,15061.202000000001
0.202,40804,237,15299.816000000003
0.203,41209,238,15540.854
0.204,41616,239,15784.327999999998
0.205,42025,240,16030.25
0.206,42436,241,16278.631999999998
0.207,42849,242,16529.486
0.208,43264,243,16782.824
0.209,43681,244,17038.658
0.21,44100,245,17297.0
0.211,44521,246,17557.862
0.212,44944,247,17821.256
0.213,45369,248,18087.194
0.214,45796,249,18355.688
0.215,46225,250,18626.75
0.216,46656,251,18900.392
0.217,47089,252,19176.626
0.218,47524,253,19455.464
0.219,47961,254,19736.918
0.22,48400,255,20021.0
0.221,48841,256,20307.722
0.222,49284,257,20597.096
0.223,49729,258,20889.134000000002
0.224,50176,259,21183.848
0.225,50625,260,21481.25
0.226,51076,261,21781.352
0.227,51529,262,22084.166
0.228,51984,263,22389.704
0.229,52441,264,22697.978
0.23,52900,265,23009.0
0.231,53361,266,23322.782000000003
0.232,53824,267,23639.336000000003
0.233,54289,268,23958.674000000003
0.234,54756,269,24280.808
0.235,55225,270,24605.75
0.236,55696,271,24933.512
0.237,56169,272,25264.106
0.238,56644,273,25597.543999999998
0.239,57121,274,25933.838
0.24,57600,275,26273.0
0.241,58081,276,26615.041999999998
0.242,58564,277,26959.976
0.243,59049,278,27307.814
0.244,59536,279,27658.568
0.245,60025,280,28012.25
0.246,60516,281,28368.872
0.247,61009,282,28728.446
0.248,61504,283,29090.984
0.249,62001,284,29456.498
0.25,62500,285,29825.0
0.251,63001,286,30196.502
0.252,63504,287,30571.016
0.253,64009,288,30948.554
0.254,64516,289,31329.127999999997
0.255,65025,290,31712.75
0.256,65536,291,32099.432
0.257,66049,292,32489.186
0.258,66564,293,32882.024
0.259,67081,294,33277.958
0.26,67600,295,33677.0
0.261,68121,296,34079.162000000004
0.262,68644,297,34484.456
0.263,69169,298,34892.894
0.264,69696,299,35304.488000000005
0.265,70225,300,35719.25
0.266,70756,301,36137.192
0.267,71289,302,36558.326
0.268,71824,303,36982.664000000004
0.269,72361,304,37410.218
0.27,72900,305,37841.0
0.271,73441,306,38275.022000000004
0.272,73984,307,38712.296
0.273,74529,308,39152.834
0.274,75076,309,39596.648
0.275,75625,310,40043.75
0.276,76176,311,40494.152
0.277,76729,312,40947.866
0.278,77284,313,41404.904
0.279,77841,314,41865.278000000006
0.28,78400,315,42329.00000000001
0.281,78961,316,42796.082
0.282,79524,317,43266.53599999999
0.283,80089,318,43740.373999999996
0.284,80656,319,44217.60799999999
0.285,81225,320,44698.24999999999
0.286,81796,321,45182.312
0.287,82369,322,45669.806
0.288,82944,323,46160.744
0.289,83521,324,46655.138
0.29,84100,325,47153.0
0.291,84681,326,47654.342
0.292,85264,327,48159.176
0.293,85849,328,48667.513999999996
0.294,86436,329,49179.367999999995
0.295,87025,330,49694.75
0.296,87616,331,50213.672
0.297,88209,332,50736.146
0.298,88804,333,51262.184
0.299,89401,334,51791.797999999995
0.3,90000,335,52325.0
0.301,90601,336,52861.801999999996
0.302,91204,337,53402.216
0.303,91809,338,53946.254
0.304,92416,339,54493.928
0.305,93025,340,55045.25
0.306,93636,341,55600.231999999996
0.307,94249,342,56158.886
0.308,94864,343,56721.224
0.309,95481,344,57287.258
0.31,96100,345,57857.0
0.311,96721,346,58430.462
0.312,97344,347,59007.656
0.313,97969,348,59588.594
0.314,98596,349,60173.288
0.315,99225,350,60761.75
0.316,99856,351,61353.992
0.317,100489,352,61950.026
0.318,101124,353,62549.864
0.319,101761,354,63153.518000000004
0.32,102400,355,63761.0
0.321,103041,356,64372.322
0.322,103684,357,64987.496
0.323,104329,358,65606.534
0.324,104976,359,66229.448
0.325,105625,360,66856.25
0.326,106276,361,67486.952
0.327,106929,362,68121.566
0.328,107584,363,68760.104
0.329,108241,364,69402.57800000001
0.33,108900,365,70049.0
0.331,109561,366,70699.382
0.332,110224,367,71353.736
0.333,110889,368,72012.07400000001
0.334,111556,369,72674.40800000001
0.335,112225,370,73340.75
0.336,112896,371,74011.11200000001
0.337,113569,372,74685.50600000001
0.338,114244,373,75363.944
0.339,114921,374,76046.43800000001
0.34,115600,375,76733.0
0.341,116281,376,77423.642
0.342,116964,377,78118.376
0.343,117649,378,78817.214
0.344,118336,379,79520.16799999999
0.345,119025,380,80227.25
0.346,119716,381,80938.472
0.347,120409,382,81653.84599999999
0.348,121104,383,82373.38399999999
0.349,121801,384,83097.098
0.35,122500,385,83825.0
0.351,123201,386,84557.102
0.352,123904,387,85293.416
0.353,124609,388,86033.954
0.354,125316,389,86778.72799999999
0.355,126025,390,87527.75
0.356,126736,391,88281.03199999999
0.357,127449,392,89038.586
0.358,128164,393,89800.424
0.359,128881,394,90566.55799999999
0.36,129600,395,91337.0
0.361,130321,396,92111.762
0.362,131044,397,92890.856
0.363,131769,398,93674.294
0.364,132496,399,94462.088
0.365,133225,400,95254.25
0.366,133956,401,96050.792
0.367,134689,402,96851.726
0.368,135424,403,97657.064
0.369,136161,404,98466.818
0.37,136900,405,99281.0
0.371,137641,406,100099.622
0.372,138384,407,100922.696
0.373,139129,408,101750.234
0.374,139876,409,102582.248
0.375,140625,410,103418.75
0.376,141376,411,104259.752
0.377,142129,412,105105.266
0.378,142884,413,105955.304
0.379,143641,414,106809.878
0.38,144400,415,107669.0
0.381,145161,416,108532.682
0.382,145924,417,109400.936
0.383,146689,418,110273.774
0.384,147456,419,111151.208
0.385,148225,420,112033.25
0.386,148996,421,112919.912
0.387,149769,422,113811.206
0.388,150544,423,114707.144
0.389,151321,424,115607.738
0.39,152100,425,116513.0
0.391,152881,426,117422.94200000001
0.392,153664,427,118337.576
0.393,154449,428,119256.914
0.394,155236,429,120180.96800000001
0.395,156025,430,121109.75
0.396,156816,431,122043.27200000001
0.397,157609,432,122981.546
0.398,158404,433,123924.584
0.399,159201,434,124872.398
0.4,160000,435,125825.0
0.401,160801,436,126782.402
0.402,161604,437,127744.61600000001
0.403,162409,438,128711.65400000001
0.404,163216,439,129683.52800000002
0.405,164025,440,130660.25
0.406,164836,441,131641.832
0.407,165649,442,132628.286
0.408,166464,443,133619.62399999998
0.409,167281,444,134615.85799999998
0.41,168100,445,135617.0
0.411,168921,446,136623.062
0.412,169744,447,137634.05599999998
0.413,170569,448,138649.994
0.414,171396,449,139670.888
0.415,172225,450,140696.75
0.416,173056,451,141727.592
0.417,173889,452,142763.426
0.418,174724,453,143804.264
0.419,175561,454,144850.118
0.42,176400,455,145901.0
0.421,177241,456,146956.922
0.422,178084,457,148017.896
0.423,178929,458,149083.934
0.424,179776,459,150155.048
0.425,180625,460,151231.25
0.426,181476,461,152312.552
0.427,182329,462,153398.966
0.428,183184,463,154490.504
0.429,184041,464,155587.17799999999
0.43,184900,465,156689.0
0.431,185761,466,157795.982
0.432,186624,467,158908.136
0.433,187489,468,160025.474
0.434,188356,469,161148.008
0.435,189225,470,162275.75
0.436,190096,471,163408.712
0.437,190969,472,164546.906
0.438,191844,473,165690.344
0.439,192721,474,166839.038
0.44,193600,475,167993.0
0.441,194481,476,169152.242
0.442,195364,477,170316.776
0.443,196249,478,171486.614
0.444,197136,479,172661.768
0.445,198025,480,173842.25
0.446,198916,481,175028.07200000001
0.447,199809,482,176219.246
0.448,200704,483,177415.784
0.449,201601,484,178617.698
0.45,202500,485,179825.0
0.451,203401,486,181037.70200000002
0.452,204304,487,182255.816
0.453,205209,488,183479.354
0.454,206116,489,184708.328
0.455,207025,490,185942.75
0.456,207936,491,187182.632
0.457,208849,492,188427.986
0.458,209764,493,189678.824
0.459,210681,494,190935.158
0.46,211600,495,192197.0
0.461,212521,496,193464.36200000002
0.462,213444,497,194737.25600000002
0.463,214369,498,196015.69400000002
0.464,215296,499,197299.68800000002
0.465,216225,500,198589.25
0.466,217156,501,199884.39200000002
0.467,218089,502,201185.12600000002
0.468,219024,503,202491.464
0.469,219961,504,203803.41799999998
0.47,220900,505,205121.0
0.471,221841,506,206444.22199999998
0.472,222784,507,207773.096
0.473,223729,508,209107.634
0.474,224676,509,210447.848
0.475,225625,510,211793.75
0.476,226576,511,213145.35199999998
0.477,227529,512,214502.666
0.478,228484,513,215865.704
0.479,229441,514,217234.478
0.48,230400,515,218609.0
0.481,231361,516,219989.282
0.482,232324,517,221375.33599999998
0.483,233289,518,222767.174
0.484,234256,519,224164.808
0.485,235225,520,225568.25
0.486,236196,521,226977.512
0.487,237169,522,228392.606
0.488,238144,523,229813.544
0.489,239121,524,231240.338
0.49,240100,525,232673.0
0.491,241081,526,234111.542
0.492,242064,527,235555.976
0.493,243049,528,237006.31399999998
0.494,244036,529,238462.568
0.495,245025,530,239924.75
0.496,246016,531,241392.872
0.497,247009,532,242866.946
0.498,248004,533,244346.984
0.499,249001,534,245832.998
0.5,250000,535,247325.0
0.501,251001,536,248823.002
0.502,252004,537,250327.016
0.503,253009,538,251837.054
0.504,254016,539,253353.128
0.505,255025,540,254875.25
0.506,256036,541,256403.432
0.507,257049,542,257937.68600000002
0.508,258064,543,259478.02399999998
0.509,259081,544,261024.45799999998
0.51,260100,545,262577.0
0.511,261121,546,264135.662
0.512,262144,547,265700.456
0.513,263169,548,267271.39400000003
0.514,264196,549,268848.488
0.515,265225,550,270431.75
0.516,266256,551,272021.192
0.517,267289,552,273616.826
0.518,268324,553,275218.664
0.519,269361,554,276826.718
0.52,270400,555,278441.0
0.521,271441,556,280061.522
0.522,272484,557,281688.29600000003
0.523,273529,558,283321.33400000003
0.524,274576,559,284960.648
0.525,275625,560,286606.25
0.526,276676,561,288258.152
0.527,277729,562,289916.36600000004
0.528,278784,563,291580.90400000004
0.529,279841,564,293251.778
0.53,280900,565,294929.0
0.531,281961,566,296612.582
0.532,283024,567,298302.536
0.533,284089,568,299998.874
0.534,285156,569,301701.608
0.535,286225,570,303410.75
0.536,287296,571,305126.31200000003
0.537,288369,572,306848.30600000004
0.538,289444,573,308576.744
0.539,290521,574,310311.63800000004
0.54,291600,575,312053.0
0.541,292681,576,313800.842
0.542,293764,577,315555.17600000004
0.543,294849,578,317316.014
0.544,295936,579,319083.368
0.545,297025,580,320857.25
0.546,298116,581,322637.672
0.547,299209,582,324424.646
0.548,300304,583,326218.184
0.549,301401,584,328018.298
0.55,302500,585,329825.0
0.551,303601,586,331638.302
0.552,304704,587,333458.216
0.553,305809,588,335284.754
0.554,306916,589,337117.928
0.555,308025,590,338957.75000000006
0.556,309136,591,340804.232
0.557,310249,592,342657.38600000006
0.558,311364,593,344517.22400000005
0.559,312481,594,346383.75800000003
0.56,313600,595,348257.00000000006
0.561,314721,596,350136.96200000006
0.562,315844,597,352023.656
0.563,316969,598,353917.094
0.564,318096,599,355817.28799999994
0.565,319225,600,357724.24999999994
0.566,320356,601,359637.99199999997
0.567,321489,602,361558.52599999995
0.568,322624,603,363485.86399999994
0.569,323761,604,365420.018
0.57,324900,605,367360.99999999994
0.571,326041,606,369308.822
0.572,327184,607,371263.496
0.573,328329,608,373225.034
0.574,329476,609,375193.448
0.575,330625,610,377168.74999999994
0.576,331776,611,379150.952
0.577,332929,612,381140.066
0.578,334084,613,383136.104
0.579,335241,614,385139.078
0.58,336400,615,387149.0
0.581,337561,616,389165.882
0.582,338724,617,391189.736
0.583,339889,618,393220.57399999996
0.584,341056,619,395258.408
0.585,342225,620,397303.25
0.586,343396,621,399355.11199999996
0.587,344569,622,401414.006
0.588,345744,623,403479.94399999996
0.589,346921,624,405552.93799999997
0.59,348100,625,407633.0
0.591,349281,626,409720.142
0.592,350464,627,411814.376
0.593,351649,628,413915.714
0.594,352836,629,416024.168
0.595,354025,630,418139.75
0.596,355216,631,420262.472
0.597,356409,632,422392.34599999996
0.598,357604,633,424529.38399999996
0.599,358801,634,426673.598
0.6,360000,635,428825.0
0.601,361201,636,430983.602
0.602,362404,637,433149.41599999997
0.603,363609,638,435322.45399999997
0.604,364816,639,437502.728
0.605,366025,640,439690.25
0.606,367236,641,441885.032
0.607,368449,642,444087.086
0.608,369664,643,446296.424
0.609,370881,644,448513.05799999996
0.61,372100,645,450737.0
0.611,373321,646,452968.262
0.612,374544,647,455206.85599999997
0.613,375769,648,457452.794
0.614,376996,649,459706.088
0.615,378225,650,461966.75
0.616,379456,651,464234.792
0.617,380689,652,466510.22599999997
0.618,381924,653,468793.064
0.619,383161,654,471083.31799999997
0.62,384400,655,473381.0
0.621,385641,656,475686.122
0.622,386884,657,477998.696
0.623,388129,658,480318.734
0.624,389376,659,482646.248
0.625,390625,660,484981.25
0.626,391876,661,487323.752
0.627,393129,662,489673.766
0.628,394384,663,492031.304
0.629,395641,664,494396.378
0.63,396900,665,496769.0
0.631,398161,666,499149.18200000003
0.632,399424,667,501536.936
0.633,400689,668,503932.27400000003
0.634,401956,669,506335.208
0.635,403225,670,508745.75
0.636,404496,671,511163.912
0.637,405769,672,513589.706
0.638,407044,673,516023.14400000003
0.639,408321,674,518464.238
0.64,409600,675,520913.0
0.641,410881,676,523369.44200000004
0.642,412164,677,525833.576
0.643,413449,678,528305.414
0.644,414736,679,530784.968
0.645,416025,680,533272.25
0.646,417316,681,535767.272
0.647,418609,682,538270.046
0.648,419904,683,540780.584
0.649,421201,684,543298.898
0.65,422500,685,545825.0
0.651,423801,686,548358.902
0.652,425104,687,550900.616
0.653,426409,688,553450.154
0.654,427716,689,556007.528
0.655,429025,690,558572.75
0.656,430336,691,561145.832
0.657,431649,692,563726.7860000001
0.658,432964,693,566315.6240000001
0.659,434281,694,568912.358
0.66,435600,695,571517.0
0.661,436921,696,574129.562
0.662,438244,697,576750.056
0.663,439569,698,579378.4940000001
0.664,440896,699,582014.888
0.665,442225,700,584659.25
0.666,443556,701,587311.5920000001
0.667,444889,702,589971.926
0.668,446224,703,592640.2640000001
0.669,447561,704,595316.618
0.67,448900,705,598001.0
0.671,450241,706,600693.422
0.672,451584,707,603393.8960000001
0.673,452929,708,606102.434
0.674,454276,709,608819.0480000001
0.675,455625,710,611543.75
0.676,456976,711,614276.552
0.677,458329,712,617017.466
0.678,459684,713,619766.5040000001
0.679,461041,714,622523.6780000001
0.68,462400,715,625289.0
0.681,463761,716,628062.4820000001
0.682,465124,717,630844.136
0.683,466489,718,633633.974
0.684,467856,719,636432.008
0.685,469225,720,639238.25
0.686,470596,721,642052.712
0.687,471969,722,644875.4060000001
0.688,473344,723,647706.3439999999
0.689,474721,724,650545.538
0.69,476100,725,653393.0
0.691,477481,726,656248.742
0.692,478864,727,659112.776
0.693,480249,728,661985.114
0.694,481636,729,664865.7679999999
0.695,483025,730,667754.75
0.696,484416,731,670652.0719999999
0.697,485809,732,673557.7459999999
0.698,487204,733,676471.784
0.699,488601,734,679394.198
0.7,490000,735,682325.0
0.701,491401,736,685264.2019999999
0.702,492804,737,688211.816
0.703,494209,738,691167.8539999999
0.704,495616,739,694132.328
0.705,497025,740,697105.25
0.706,498436,741,700086.632
0.707,499849,742,703076.4859999999
0.708,501264,743,706074.8239999999
0.709,502681,744,709081.6579999999
0.71,504100,745,712097.0
0.711,505521,746,715120.862
0.712,506944,747,718153.2559999999
0.713,508369,748,721194.194
0.714,509796,749,724243.688
0.715,511225,750,727301.75
0.716,512656,751,730368.392
0.717,514089,752,733443.6259999999
0.718,515524,753,736527.4639999999
0.719,516961,754,739619.918
0.72,518400,755,742721.0
0.721,519841,756,745830.722
0.722,521284,757,748949.096
0.723,522729,758,752076.134
0.724,524176,759,755211.848
0.725,525625,760,758356.25
0.726,527076,761,761509.352
0.727,528529,762,764671.166
0.728,529984,763,767841.704
0.729,531441,764,771020.978
0.73,532900,765,774209.0
0.731,534361,766,777405.782
0.732,535824,767,780611.336
0.733,537289,768,783825.674
0.734,538756,769,787048.808
0.735,540225,770,790280.75
0.736,541696,771,793521.512
0.737,543169,772,796771.106
0.738,544644,773,800029.544
0.739,546121,774,803296.838
0.74,547600,775,806573.0
0.741,549081,776,809858.042
0.742,550564,777,813151.976
0.743,552049,778,816454.814
0.744,553536,779,819766.568
0.745,555025,780,823087.25
0.746,556516,781,826416.872
0.747,558009,782,829755.446
0.748,559504,783,833102.984
0.749,561001,784,836459.498
0.75,562500,785,839825.0
0.751,564001,786,843199.502
0.752,565504,787,846583.016
0.753,567009,788,849975.554
0.754,568516,789,853377.128
0.755,570025,790,856787.75
0.756,571536,791,860207.432
0.757,573049,792,863636.186
0.758,574564,793,867074.024
0.759,576081,794,870520.958
0.76,577600,795,873977.0
0.761,579121,796,877442.162
0.762,580644,797,880916.456
0.763,582169,798,884399.894
0.764,583696,799,887892.488
0.765,585225,800,891394.25
0.766,586756,801,894905.192
0.767,588289,802,898425.326
0.768,589824,803,901954.664
0.769,591361,804,905493.218
0.77,592900,805,909041.0
0.771,594441,806,912598.022
0.772,595984,807,916164.296
0.773,597529,808,919739.834
0.774,599076,809,923324.648
0.775,600625,810,926918.75
0.776,602176,811,930522.152
0.777,603729,812,934134.866
0.778,605284,813,937756.904
0.779,606841,814,941388.278
0.78,608400,815,945029.0
0.781,609961,816,948679.082
0.782,611524,817,952338.5360000001
0.783,613089,818,956007.3740000001
0.784,614656,819,959685.608
0.785,616225,820,963373.25
0.786,617796,821,967070.312
0.787,619369,822,970776.8060000001
0.788,620944,823,974492.7440000001
0.789,622521,824,978218.138
0.79,624100,825,981953.0
0.791,625681,826,985697.3420000001
0.792,627264,827,989451.1760000001
0.793,628849,828,993214.5140000001
0.794,630436,829,996987.368
0.795,632025,830,1000769.75
0.796,633616,831,1004561.672
0.797,635209,832,1008363.1460000001
0.798,636804,833,1012174.184
0.799,638401,834,1015994.7980000001
0.8,640000,835,1019825.0
0.801,641601,836,1023664.802
0.802,643204,837,1027514.216
0.803,644809,838,1031373.2540000001
0.804,646416,839,1035241.9280000001
0.805,648025,840,1039120.2500000001
0.806,649636,841,1043008.2320000001
0.807,651249,842,1046905.8860000002
0.808,652864,843,1050813.2240000002
0.809,654481,844,1054730.2580000001
0.81,656100,845,1058657.0
0.811,657721,846,1062593.462
0.812,659344,847,1066539.656
0.813,660969,848,1070495.594
0.814,662596,849,1074461.288
0.815,664225,850,1078436.75
0.816,665856,851,1082421.9919999999
0.817,667489,852,1086417.0259999998
0.818,669124,853,1090421.8639999998
0.819,670761,854,1094436.518
0.82,672400,855,1098461.0
0.821,674041,856,1102495.322
0.822,675684,857,1106539.496
0.823,677329,858,1110593.534
0.824,678976,859,1114657.4479999999
0.825,680625,860,1118731.25
0.826,682276,861,1122814.952
0.827,683929,862,1126908.5659999999
0.828,685584,863,1131012.104
0.829,687241,864,1135125.578
0.83,688900,865,1139249.0
0.831,690561,866,1143382.382
0.832,692224,867,1147525.736
0.833,693889,868,1151679.074
0.834,695556,869,1155842.408
0.835,697225,870,1160015.75
0.836,698896,871,1164199.112
0.837,700569,872,1168392.506
0.838,702244,873,1172595.944
0.839,703921,874,1176809.4379999998
0.84,705600,875,1181033.0
0.841,707281,876,1185266.642
0.842,708964,877,1189510.376
0.843,710649,878,1193764.214
0.844,712336,879,1198028.168
0.845,714025,880,1202302.25
0.846,715716,881,1206586.472
0.847,717409,882,1210880.846
0.848,719104,883,1215185.384
0.849,720801,884,1219500.098
0.85,722500,885,1223825.0
0.851,724201,886,1228160.102
0.852,725904,887,1232505.416
0.853,727609,888,1236860.954
0.854,729316,889,1241226.728
0.855,731025,890,1245602.75
0.856,732736,891,1249989.032
0.857,734449,892,1254385.586
0.858,736164,893,1258792.4239999999
0.859,737881,894,1263209.558
0.86,739600,895,1267637.0
0.861,741321,896,1272074.7619999999
0.862,743044,897,1276522.856
0.863,744769,898,1280981.294
0.864,746496,899,1285450.088
0.865,748225,900,1289929.25
0.866,749956,901,1294418.792
0.867,751689,902,1298918.726
0.868,753424,903,1303429.064
0.869,755161,904,1307949.818
0.87,756900,905,1312481.0
0.871,758641,906,1317022.622
0.872,760384,907,1321574.696
0.873,762129,908,1326137.234
0.874,763876,909,1330710.248
0.875,765625,910,1335293.75
0.876,767376,911,1339887.752
0.877,769129,912,1344492.266
0.878,770884,913,1349107.304
0.879,772641,914,1353732.878
0.88,774400,915,1358369.0
0.881,776161,916,1363015.682
0.882,777924,917,1367672.936
0.883,779689,918,1372340.774
0.884,781456,919,1377019.208
0.885,783225,920,1381708.25
0.886,784996,921,1386407.912
0.887,786769,922,1391118.206
0.888,788544,923,1395839.144
0.889,790321,924,1400570.7380000001
0.89,792100,925,1405313.0
0.891,793881,926,1410065.942
0.892,795664,927,1414829.5760000001
0.893,797449,928,1419603.914
0.894,799236,929,1424388.968
0.895,801025,930,1429184.75
0.896,802816,931,1433991.272
0.897,804609,932,1438808.546
0.898,806404,933,1443636.584
0.899,808201,934,1448475.398
0.9,810000,935,1453325.0
0.901,811801,936,1458185.402
0.902,813604,937,1463056.6160000002
0.903,815409,938,1467938.654
0.904,817216,939,1472831.528
0.905,819025,940,1477735.25
0.906,820836,941,1482649.832
0.907,822649,942,1487575.286
0.908,824464,943,1492511.624
0.909,826281,944,1497458.858
0.91,828100,945,1502417.0
0.911,829921,946,1507386.0620000002
0.912,831744,947,1512366.056
0.913,833569,948,1517356.994
0.914,835396,949,1522358.888
0.915,837225,950,1527371.75
0.916,839056,951,1532395.592
0.917,840889,952,1537430.426
0.918,842724,953,1542476.264
0.919,844561,954,1547533.118
0.92,846400,955,1552601.0
0.921,848241,956,1557679.922
0.922,850084,957,1562769.8960000002
0.923,851929,958,1567870.9340000001
0.924,853776,959,1572983.0480000002
0.925,855625,960,1578106.25
0.926,857476,961,1583240.5520000001
0.927,859329,962,1588385.966
0.928,861184,963,1593542.5040000002
0.929,863041,964,1598710.178
0.93,864900,965,1603889.0
0.931,866761,966,1609078.982
0.932,868624,967,1614280.1360000002
0.933,870489,968,1619492.4740000002
0.934,872356,969,1624716.0080000001
0.935,874225,970,1629950.75
0.936,876096,971,1635196.712
0.937,877969,972,1640453.9060000002
0.938,879844,973,1645722.3439999998
0.939,881721,974,1651002.038
0.94,883600,975,1656293.0
0.941,885481,976,1661595.2419999999
0.942,887364,977,1666908.7759999998
0.943,889249,978,1672233.6139999998
0.944,891136,979,1677569.768
0.945,893025,980,1682917.25
0.946,894916,981,1688276.072
0.947,896809,982,1693646.2459999998
0.948,898704,983,1699027.784
0.949,900601,984,1704420.6979999999
0.95,902500,985,1709825.0
0.951,904401,986,1715240.7019999998
0.952,906304,987,1720667.8159999999
0.953,908209,988,1726106.3539999998
0.954,910116,989,1731556.328
0.955,912025,990,1737017.75
0.956,913936,991,1742490.632
0.957,915849,992,1747974.986
0.958,917764,993,1753470.824
0.959,919681,994,1758978.1579999998
0.96,921600,995,1764497.0
0.961,923521,996,1770027.362
0.962,925444,997,1775569.256
0.963,927369,998,1781122.694
0.964,929296,999,1786687.6879999998
0.965,931225,1000,1792264.25
0.966,933156,1001,1797852.392
0.967,935089,1002,1803452.126
0.968,937024,1003,1809063.464
0.969,938961,1004,1814686.418
0.97,940900,1005,1820321.0
0.971,942841,1006,1825967.222
0.972,944784,1007,1831625.096
0.973,946729,1008,1837294.6339999998
0.974,948676,1009,1842975.848
0.975,950625,1010,1848668.75
0.976,952576,1011,1854373.352
0.977,954529,1012,1860089.666
0.978,956484,1013,1865817.704
0.979,958441,1014,1871557.478
0.98,960400,1015,1877309.0
0.981,962361,1016,1883072.282
0.982,964324,1017,1888847.336
0.983,966289,1018,1894634.1739999999
0.984,968256,1019,1900432.808
0.985,970225,1020,1906243.25
0.986,972196,1021,1912065.5119999999
0.987,974169,1022,1917899.606
0.988,976144,1023,1923745.544
0.989,978121,1024,1929603.338
0.99,980100,1025,1935473.0
0.991,982081,1026,1941354.542
0.992,984064,1027,1947247.976
0.993,986049,1028,1953153.314
0.994,988036,1029,1959070.568
0.995,990025,1030,1964999.75
0.996,992016,1031,1970940.872
0.997,994009,1032,1976893.946
0.998,996004,1033,1982858.984
0.999,998001,1034,1988835.998
1.0,1000000,1035,1994825.0
1.001,1002001,1036,2000826.0019999999
1.002,1004004,1037,2006839.016
1.003,1006009,1038,2012864.0539999998
1.004,1008016,1039,2018901.128
1.005,1010025,1040,2024950.2499999998
1.006,1012036,1041,2031011.432
1.007,1014049,1042,2037084.6859999998
1.008,1016064,1043,2043170.024
1.009,1018081,1044,2049267.4579999999
1.01,1020100,1045,2055377.0
1.011,1022121,1046,2061498.6619999998
1.012,1024144,1047,2067632.456
1.013,1026169,1048,2073778.3939999999
1.014,1028196,1049,2079936.4880000001
1.015,1030225,1050,2086106.7499999998
1.016,1032256,1051,2092289.1919999998
1.017,1034289,1052,2098483.826
1.018,1036324,1053,2104690.664
1.019,1038361,1054,2110909.718
1.02,1040400,1055,2117141.0
1.021,1042441,1056,2123384.522
1.022,1044484,1057,2129640.296
1.023,1046529,1058,2135908.334
1.024,1048576,1059,2142188.648
1.025,1050625,1060,2148481.25
1.026,1052676,1061,2154786.1520000002
1.027,1054729,1062,2161103.366
1.028,1056784,1063,2167432.904
1.029,1058841,1064,2173774.778
1.03,1060900,1065,2180129.0
1.031,1062961,1066,2186495.582
1.032,1065024,1067,2192874.536
1.033,1067089,1068,2199265.874
1.034,1069156,1069,2205669.608
1.035,1071225,1070,2212085.75
1.036,1073296,1071,2218514.312
1.037,1075369,1072,2224955.306
1.038,1077444,1073,2231408.744
1.039,1079521,1074,2237874.638
1.04,1081600,1075,2244353.0
1.041,1083681,1076,2250843.8419999997
1.042,1085764,1077,2257347.176
1.043,1087849,1078,2263863.014
1.044,1089936,1079,2270391.3680000002
1.045,1092025,1080,2276932.25
1.046,1094116,1081,2283485.6720000003
1.047,1096209,1082,2290051.6459999997
1.048,1098304,1083,2296630.184
1.049,1100401,1084,2303221.298
1.05,1102500,1085,2309825.0
1.051,1104601,1086,2316441.3019999997
1.052,1106704,1087,2323070.216
1.053,1108809,1088,2329711.7539999997
1.054,1110916,1089,2336365.9280000003
1.055,1113025,1090,2343032.75
1.056,1115136,1091,2349712.2320000003
1.057,1117249,1092,2356404.386
1.058,1119364,1093,2363109.224
1.059,1121481,1094,2369826.758
1.06,1123600,1095,2376557.0
1.061,1125721,1096,2383299.962
1.062,1127844,1097,2390055.656
1.063,1129969,1098,2396824.094
1.064,1132096,1099,2403605.288
1.065,1134225,1100,2410399.25
1.066,1136356,1101,2417205.992
1.067,1138489,1102,2424025.526
1.068,1140624,1103,2430857.864
1.069,1142761,1104,2437703.0179999997
1.07,1144900,1105,2444561.0
1.071,1147041,1106,2451431.8219999997
1.072,1149184,1107,2458315.4960000003
1.073,1151329,1108,2465212.034
1.074,1153476,1109,2472121.4480000003
1.075,1155625,1110,2479043.75
1.076,1157776,1111,2485978.952
1.077,1159929,1112,2492927.066
1.078,1162084,1113,2499888.1040000003
1.079,1164241,1114,2506862.0779999997
1.08,1166400,1115,2513849.0
1.081,1168561,1116,2520848.8819999998
1.082,1170724,1117,2527861.736
1.083,1172889,1118,2534887.574
1.084,1175056,1119,2541926.4080000003
1.085,1177225,1120,2548978.25
1.086,1179396,1121,2556043.112
1.087,1181569,1122,2563121.006
1.088,1183744,1123,2570211.944
1.089,1185921,1124,2577315.938
1.09,1188100,1125,2584433.0
1.091,1190281,1126,2591563.142
1.092,1192464,1127,2598706.376
1.093,1194649,1128,2605862.714
1.094,1196836,1129,2613032.168
1.095,1199025,1130,2620214.75
1.096,1201216,1131,2627410.472
1.097,1203409,1132,2634619.346
1.098,1205604,1133,2641841.384
1.099,1207801,1134,2649076.5979999998
1.1,1210000,1135,2656325.0
1.101,1212201,1136,2663586.602
1.102,1214404,1137,2670861.416
1.103,1216609,1138,2678149.454
1.104,1218816,1139,2685450.728
1.105,1221025,1140,2692765.25
1.106,1223236,1141,2700093.032
1.107,1225449,1142,2707434.086
1.108,1227664,1143,2714788.424
1.109,1229881,1144,2722156.058
1.11,1232100,1145,2729537.0000000005
1.111,1234321,1146,2736931.262
1.112,1236544,1147,2744338.856
1.113,1238769,1148,2751759.7939999998
1.114,1240996,1149,2759194.0880000005
1.115,1243225,1150,2766641.75
1.116,1245456,1151,2774102.7920000004
1.117,1247689,1152,2781577.226
1.118,1249924,1153,2789065.0640000002
1.119,1252161,1154,2796566.318
1.12,1254400,1155,2804081.0000000005
1.121,1256641,1156,2811609.122
1.122,1258884,1157,2819150.6960000005
1.123,1261129,1158,2826705.734
1.124,1263376,1159,2834274.248
1.125,1265625,1160,2841856.25
1.126,1267876,1161,2849451.752
1.127,1270129,1162,2857060.766
1.128,1272384,1163,2864683.3039999995
1.129,1274641,1164,2872319.378
1.13,1276900,1165,2879968.9999999995
1.131,1279161,1166,2887632.182
1.132,1281424,1167,2895308.9359999998
1.133,1283689,1168,2902999.274
1.134,1285956,1169,2910703.2079999996
1.135,1288225,1170,2918420.75
1.136,1290496,1171,2926151.9119999995
1.137,1292769,1172,2933896.7060000002
1.138,1295044,1173,2941655.144
1.139,1297321,1174,2949427.238
1.14,1299600,1175,2957212.9999999995
1.141,1301881,1176,2965012.442
1.142,1304164,1177,2972825.576
1.143,1306449,1178,2980652.414
1.144,1308736,1179,2988492.968
1.145,1311025,1180,2996347.25
1.146,1313316,1181,3004215.272
1.147,1315609,1182,3012097.046
1.148,1317904,1183,3019992.584
1.149,1320201,1184,3027901.898
1.15,1322500,1185,3035824.9999999995
1.151,1324801,1186,3043761.9020000002
1.152,1327104,1187,3051712.616
1.153,1329409,1188,3059677.154
1.154,1331716,1189,3067655.528
1.155,1334025,1190,3075647.75
1.156,1336336,1191,3083653.832
1.157,1338649,1192,3091673.786
1.158,1340964,1193,3099707.624
1.159,1343281,1194,3107755.358
1.16,1345600,1195,3115817.0
1.161,1347921,1196,3123892.562
1.162,1350244,1197,3131982.056
1.163,1352569,1198,3140085.494
1.164,1354896,1199,3148202.888
1.165,1357225,1200,3156334.25
1.166,1359556,1201,3164479.5919999997
1.167,1361889,1202,3172638.926
1.168,1364224,1203,3180812.264
1.169,1366561,1204,3188999.6180000002
1.17,1368900,1205,3197201.0
1.171,1371241,1206,3205416.4220000003
1.172,1373584,1207,3213645.8959999997
1.173,1375929,1208,3221889.434
1.174,1378276,1209,3230147.048
1.175,1380625,1210,3238418.75
1.176,1382976,1211,3246704.5519999997
1.177,1385329,1212,3255004.466
1.178,1387684,1213,3263318.5039999997
1.179,1390041,1214,3271646.6780000003
1.18,1392400,1215,3279989.0
1.181,1394761,1216,3288345.4820000003
1.182,1397124,1217,3296716.136
1.183,1399489,1218,3305100.974
1.184,1401856,1219,3313500.008
1.185,1404225,1220,3321913.25
1.186,1406596,1221,3330340.712
1.187,1408969,1222,3338782.406
1.188,1411344,1223,3347238.344
1.189,1413721,1224,3355708.538
1.19,1416100,1225,3364193.0
1.191,1418481,1226,3372691.742
1.192,1420864,1227,3381204.776
1.193,1423249,1228,3389732.114
1.194,1425636,1229,3398273.7679999997
1.195,1428025,1230,3406829.75
1.196,1430416,1231,3415400.0719999997
1.197,1432809,1232,3423984.7460000003
1.198,1435204,1233,3432583.784
1.199,1437601,1234,3441197.1980000003
1.2,1440000,1235,3449825.0
1.201,1442401,1236,3458467.202
1.202,1444804,1237,3467123.816
1.203,1447209,1238,3475794.8540000003
1.204,1449616,1239,3484480.3279999997
1.205,1452025,1240,3493180.25
1.206,1454436,1241,3501894.6319999998
1.207,1456849,1242,3510623.486
1.208,1459264,1243,3519366.824
1.209,1461681,1244,3528124.6580000003
1.21,1464100,1245,3536897.0
1.211,1466521,1246,3545683.862
1.212,1468944,1247,3554485.256
1.213,1471369,1248,3563301.194
1.214,1473796,1249,3572131.688
1.215,1476225,1250,3580976.7500000005
1.216,1478656,1251,3589836.392
1.217,1481089,1252,3598710.626
1.218,1483524,1253,3607599.4639999997
1.219,1485961,1254,3616502.918
1.22,1488400,1255,3625421.0
1.221,1490841,1256,3634353.722
1.222,1493284,1257,3643301.096
1.223,1495729,1258,3652263.134
1.224,1498176,1259,3661239.8479999998
1.225,1500625,1260,3670231.2500000005
1.226,1503076,1261,3679237.352
1.227,1505529,1262,3688258.166
1.228,1507984,1263,3697293.704
1.229,1510441,1264,3706343.978
1.23,1512900,1265,3715409.0
1.231,1515361,1266,3724488.782
1.232,1517824,1267,3733583.336
1.233,1520289,1268,3742692.674
1.234,1522756,1269,3751816.8079999997
1.235,1525225,1270,3760955.7500000005
1.236,1527696,1271,3770109.512
1.237,1530169,1272,3779278.106
1.238,1532644,1273,3788461.5439999998
1.239,1535121,1274,3797659.8380000005
1.24,1537600,1275,3806873.0
1.241,1540081,1276,3816101.0420000004
1.242,1542564,1277,3825343.976
1.243,1545049,1278,3834601.8140000002
1.244,1547536,1279,3843874.568
1.245,1550025,1280,3853162.2500000005
1.246,1552516,1281,3862464.872
1.247,1555009,1282,3871782.4460000005
1.248,1557504,1283,3881114.984
1.249,1560001,1284,3890462.498
1.25,1562500,1285,3899825.0
1.251,1565001,1286,3909202.502
1.252,1567504,1287,3918595.016
1.253,1570009,1288,3928002.5539999995
1.254,1572516,1289,3937425.128
1.255,1575025,1290,3946862.7499999995
1.256,1577536,1291,3956315.432
1.257,1580049,1292,3965783.1859999998
1.258,1582564,1293,3975266.024
1.259,1585081,1294,3984763.9579999996
1.26,1587600,1295,3994277.0
1.261,1590121,1296,4003805.1619999995
1.262,1592644,1297,4013348.4560000002
1.263,1595169,1298,4022906.894
1.264,1597696,1299,4032480.488
1.265,1600225,1300,4042069.2499999995
1.266,1602756,1301,4051673.1920000003
1.267,1605289,1302,4061292.326
1.268,1607824,1303,4070926.664
1.269,1610361,1304,4080576.218
1.27,1612900,1305,4090241.0
1.271,1615441,1306,4099921.022
1.272,1617984,1307,4109616.296
1.273,1620529,1308,4119326.834
1.274,1623076,1309,4129052.648
1.275,1625625,1310,4138793.7499999995
1.276,1628176,1311,4148550.1520000002
1.277,1630729,1312,4158321.866
1.278,1633284,1313,4168108.904
1.279,1635841,1314,4177911.278
1.28,1638400,1315,4187729.0
1.281,1640961,1316,4197562.0819999995
1.282,1643524,1317,4207410.536
1.283,1646089,1318,4217274.374
1.284,1648656,1319,4227153.608
1.285,1651225,1320,4237048.25
1.286,1653796,1321,4246958.312
1.287,1656369,1322,4256883.806
1.288,1658944,1323,4266824.744
1.289,1661521,1324,4276781.137999999
1.29,1664100,1325,4286753.0
1.291,1666681,1326,4296740.342
1.292,1669264,1327,4306743.176
1.293,1671849,1328,4316761.5139999995
1.294,1674436,1329,4326795.368
1.295,1677025,1330,4336844.75
1.296,1679616,1331,4346909.672
1.297,1682209,1332,4356990.146
1.298,1684804,1333,4367086.184
1.299,1687401,1334,4377197.7979999995
1.3,1690000,1335,4387325.0
1.301,1692601,1336,4397467.802
1.302,1695204,1337,4407626.216
1.303,1697809,1338,4417800.254
1.304,1700416,1339,4427989.928
1.305,1703025,1340,4438195.25
1.306,1705636,1341,4448416.232
1.307,1708249,1342,4458652.886
1.308,1710864,1343,4468905.224
1.309,1713481,1344,4479173.257999999
1.31,1716100,1345,4489457.0
1.311,1718721,1346,4499756.461999999
1.312,1721344,1347,4510071.656
1.313,1723969,1348,4520402.594
1.314,1726596,1349,4530749.288000001
1.315,1729225,1350,4541111.75
1.316,1731856,1351,4551489.992000001
1.317,1734489,1352,4561884.026
1.318,1737124,1353,4572293.864
1.319,1739761,1354,4582719.518
1.32,1742400,1355,4593161.0
1.321,1745041,1356,4603618.322
1.322,1747684,1357,4614091.496
1.323,1750329,1358,4624580.534
1.324,1752976,1359,4635085.448
1.325,1755625,1360,4645606.25
1.326,1758276,1361,4656142.9520000005
1.327,1760929,1362,4666695.566
1.328,1763584,1363,4677264.104
1.329,1766241,1364,4687848.578
1.33,1768900,1365,4698449.0
1.331,1771561,1366,4709065.382
1.332,1774224,1367,4719697.7360000005
1.333,1776889,1368,4730346.074
1.334,1779556,1369,4741010.408
1.335,1782225,1370,4751690.75
1.336,1784896,1371,4762387.112000001
1.337,1787569,1372,4773099.506
1.338,1790244,1373,4783827.944
1.339,1792921,1374,4794572.438
1.34,1795600,1375,4805333.0
1.341,1798281,1376,4816109.642
1.342,1800964,1377,4826902.376
1.343,1803649,1378,4837711.214
1.344,1806336,1379,4848536.1680000005
1.345,1809025,1380,4859377.25
1.346,1811716,1381,4870234.472
1.347,1814409,1382,4881107.846
1.348,1817104,1383,4891997.384000001
1.349,1819801,1384,4902903.098
1.35,1822500,1385,4913825.0
1.351,1825201,1386,4924763.102
1.352,1827904,1387,4935717.416
1.353,1830609,1388,4946687.954
1.354,1833316,1389,4957674.728
1.355,1836025,1390,4968677.75
1.356,1838736,1391,4979697.032000001
1.357,1841449,1392,4990732.586
1.358,1844164,1393,5001784.424000001
1.359,1846881,1394,5012852.558
1.36,1849600,1395,5023937.0
1.361,1852321,1396,5035037.762
1.362,1855044,1397,5046154.856000001
1.363,1857769,1398,5057288.294
1.364,1860496,1399,5068438.088
1.365,1863225,1400,5079604.25
1.366,1865956,1401,5090786.792
1.367,1868689,1402,5101985.726
1.368,1871424,1403,5113201.064
1.369,1874161,1404,5124432.818
1.37,1876900,1405,5135681.0
1.371,1879641,1406,5146945.622
1.372,1882384,1407,5158226.696
1.373,1885129,1408,5169524.234
1.374,1887876,1409,5180838.248000001
1.375,1890625,1410,5192168.75
1.376,1893376,1411,5203515.751999999
1.377,1896129,1412,5214879.266
1.378,1898884,1413,5226259.304
1.379,1901641,1414,5237655.878
1.38,1904400,1415,5249069.0
1.381,1907161,1416,5260498.682
1.382,1909924,1417,5271944.936
1.383,1912689,1418,5283407.774
1.384,1915456,1419,5294887.208
1.385,1918225,1420,5306383.25
1.386,1920996,1421,5317895.912
1.387,1923769,1422,5329425.206
1.388,1926544,1423,5340971.143999999
1.389,1929321,1424,5352533.738
1.39,1932100,1425,5364113.0
1.391,1934881,1426,5375708.942
1.392,1937664,1427,5387321.575999999
1.393,1940449,1428,5398950.914
1.394,1943236,1429,5410596.967999999
1.395,1946025,1430,5422259.75
1.396,1948816,1431,5433939.272
1.397,1951609,1432,5445635.546
1.398,1954404,1433,5457348.584
1.399,1957201,1434,5469078.398
1.4,1960000,1435,5480825.0
1.401,1962801,1436,5492588.402
1.402,1965604,1437,5504368.615999999
1.403,1968409,1438,5516165.654
1.404,1971216,1439,5527979.528
1.405,1974025,1440,5539810.25
1.406,1976836,1441,5551657.8319999995
1.407,1979649,1442,5563522.286
1.408,1982464,1443,5575403.624
1.409,1985281,1444,5587301.858
1.41,1988100,1445,5599217.0
1.411,1990921,1446,5611149.062
1.412,1993744,1447,5623098.056
1.413,1996569,1448,5635063.994
1.414,1999396,1449,5647046.887999999
1.415,2002225,1450,5659046.75
1.416,2005056,1451,5671063.591999999
1.417,2007889,1452,5683097.426
1.418,2010724,1453,5695148.2639999995
1.419,2013561,1454,5707216.118
1.42,2016400,1455,5719301.0
1.421,2019241,1456,5731402.922
1.422,2022084,1457,5743521.896
1.423,2024929,1458,5755657.934
1.424,2027776,1459,5767811.0479999995
1.425,2030625,1460,5779981.25
1.426,2033476,1461,5792168.552
1.427,2036329,1462,5804372.966
1.428,2039184,1463,5816594.504
1.429,2042041,1464,5828833.178
1.43,2044900,1465,5841089.0
1.431,2047761,1466,5853361.982
1.432,2050624,1467,5865652.136
1.433,2053489,1468,5877959.474
1.434,2056356,1469,5890284.007999999
1.435,2059225,1470,5902625.75
1.436,2062096,1471,5914984.711999999
1.437,2064969,1472,5927360.906
1.438,2067844,1473,5939754.344
1.439,2070721,1474,5952165.038000001
1.44,2073600,1475,5964593.0
1.441,2076481,1476,5977038.242000001
1.442,2079364,1477,5989500.776
1.443,2082249,1478,6001980.614
1.444,2085136,1479,6014477.768
1.445,2088025,1480,6026992.25
1.446,2090916,1481,6039524.072
1.447,2093809,1482,6052073.246
1.448,2096704,1483,6064639.784
1.449,2099601,1484,6077223.698
1.45,2102500,1485,6089825.0
1.451,2105401,1486,6102443.7020000005
1.452,2108304,1487,6115079.816
1.453,2111209,1488,6127733.354
1.454,2114116,1489,6140404.328
1.455,2117025,1490,6153092.75
1.456,2119936,1491,6165798.632
1.457,2122849,1492,6178521.9860000005
1.458,2125764,1493,6191262.824
1.459,2128681,1494,6204021.158000001
1.46,2131600,1495,6216797.0
1.461,2134521,1496,6229590.362000001
1.462,2137444,1497,6242401.256
1.463,2140369,1498,6255229.694
1.464,2143296,1499,6268075.688
1.465,2146225,1500,6280939.25
1.466,2149156,1501,6293820.392
1.467,2152089,1502,6306719.126
1.468,2155024,1503,6319635.464
1.469,2157961,1504,6332569.4180000005
1.47,2160900,1505,6345521.0
1.471,2163841,1506,6358490.222
1.472,2166784,1507,6371477.096
1.473,2169729,1508,6384481.634000001
1.474,2172676,1509,6397503.848
1.475,2175625,1510,6410543.75
1.476,2178576,1511,6423601.352
1.477,2181529,1512,6436676.666
1.478,2184484,1513,6449769.704
1.479,2187441,1514,6462880.478
1.48,2190400,1515,6476009.0
1.481,2193361,1516,6489155.282000001
1.482,2196324,1517,6502319.336
1.483,2199289,1518,6515501.174000001
1.484,2202256,1519,6528700.808
1.485,2205225,1520,6541918.25
1.486,2208196,1521,6555153.512
1.487,2211169,1522,6568406.606000001
1.488,2214144,1523,6581677.544
1.489,2217121,1524,6594966.338
1.49,2220100,1525,6608273.0
1.491,2223081,1526,6621597.542
1.492,2226064,1527,6634939.976
1.493,2229049,1528,6648300.314
1.494,2232036,1529,6661678.568
1.495,2235025,1530,6675074.750000001
1.496,2238016,1531,6688488.872
1.497,2241009,1532,6701920.946
1.498,2244004,1533,6715370.984
1.499,2247001,1534,6728838.998000001
1.5,2250000,1535,6742325.0
1.501,2253001,1536,6755829.001999999
1.502,2256004,1537,6769351.016
1.503,2259009,1538,6782891.054
1.504,2262016,1539,6796449.128
1.505,2265025,1540,6810025.249999999
1.506,2268036,1541,6823619.432
1.507,2271049,1542,6837231.686
1.508,2274064,1543,6850862.024
1.509,2277081,1544,6864510.458
1.51,2280100,1545,6878177.0
1.511,2283121,1546,6891861.662
1.512,2286144,1547,6905564.456
1.513,2289169,1548,6919285.393999999
1.514,2292196,1549,6933024.488
1.515,2295225,1550,6946781.75
1.516,2298256,1551,6960557.192
1.517,2301289,1552,6974350.825999999
1.518,2304324,1553,6988162.664
1.519,2307361,1554,7001992.717999999
1.52,2310400,1555,7015841.0
1.521,2313441,1556,7029707.522
1.522,2316484,1557,7043592.296
1.523,2319529,1558,7057495.334
1.524,2322576,1559,7071416.648
1.525,2325625,1560,7085356.25
1.526,2328676,1561,7099314.152
1.527,2331729,1562,7113290.365999999
1.528,2334784,1563,7127284.904
1.529,2337841,1564,7141297.778
1.53,2340900,1565,7155329.0
1.531,2343961,1566,7169378.5819999995
1.532,2347024,1567,7183446.536
1.533,2350089,1568,7197532.874
1.534,2353156,1569,7211637.608
1.535,2356225,1570,7225760.75
1.536,2359296,1571,7239902.312
1.537,2362369,1572,7254062.306
1.538,2365444,1573,7268240.744
1.539,2368521,1574,7282437.637999999
1.54,2371600,1575,7296653.0
1.541,2374681,1576,7310886.841999999
1.542,2377764,1577,7325139.176
1.543,2380849,1578,7339410.0139999995
1.544,2383936,1579,7353699.368
1.545,2387025,1580,7368007.25
1.546,2390116,1581,7382333.672
1.547,2393209,1582,7396678.646
1.548,2396304,1583,7411042.184
1.549,2399401,1584,7425424.2979999995
1.55,2402500,1585,7439825.0
1.551,2405601,1586,7454244.302
1.552,2408704,1587,7468682.216
1.553,2411809,1588,7483138.754
1.554,2414916,1589,7497613.928
1.555,2418025,1590,7512107.75
1.556,2421136,1591,7526620.232
1.557,2424249,1592,7541151.386
1.558,2427364,1593,7555701.224
1.559,2430481,1594,7570269.757999999
1.56,2433600,1595,7584857.0
1.561,2436721,1596,7599462.961999999
1.562,2439844,1597,7614087.656
1.563,2442969,1598,7628731.094
1.564,2446096,1599,7643393.288000001
1.565,2449225,1600,7658074.25
1.566,2452356,1601,7672773.992000001
1.567,2455489,1602,7687492.526
1.568,2458624,1603,7702229.864
1.569,2461761,1604,7716986.018
1.57,2464900,1605,7731761.0
1.571,2468041,1606,7746554.822
1.572,2471184,1607,7761367.496
1.573,2474329,1608,7776199.034
1.574,2477476,1609,7791049.448000001
1.575,2480625,1610,7805918.75
1.576,2483776,1611,7820806.9520000005
1.577,2486929,1612,7835714.066
1.578,2490084,1613,7850640.104
1.579,2493241,1614,7865585.078
1.58,2496400,1615,7880549.0
1.581,2499561,1616,7895531.882
1.582,2502724,1617,7910533.7360000005
1.583,2505889,1618,7925554.574
1.584,2509056,1619,7940594.408000001
1.585,2512225,1620,7955653.25
1.586,2515396,1621,7970731.112000001
1.587,2518569,1622,7985828.006
1.588,2521744,1623,8000943.944
1.589,2524921,1624,8016078.938
1.59,2528100,1625,8031233.0
1.591,2531281,1626,8046406.142
1.592,2534464,1627,8061598.376
1.593,2537649,1628,8076809.714
1.594,2540836,1629,8092040.1680000005
1.595,2544025,1630,8107289.75
1.596,2547216,1631,8122558.472
1.597,2550409,1632,8137846.346
1.598,2553604,1633,8153153.384000001
1.599,2556801,1634,8168479.598
1.6,2560000,1635,8183825.0
1.601,2563201,1636,8199189.602
1.602,2566404,1637,8214573.416
1.603,2569609,1638,8229976.454
1.604,2572816,1639,8245398.728
1.605,2576025,1640,8260840.25
1.606,2579236,1641,8276301.032000001
1.607,2582449,1642,8291781.086
1.608,2585664,1643,8307280.424000001
1.609,2588881,1644,8322799.058
1.61,2592100,1645,8338337.000000001
1.611,2595321,1646,8353894.262
1.612,2598544,1647,8369470.856000001
1.613,2601769,1648,8385066.794
1.614,2604996,1649,8400682.088000001
1.615,2608225,1650,8416316.75
1.616,2611456,1651,8431970.792000001
1.617,2614689,1652,8447644.226
1.618,2617924,1653,8463337.064000001
1.619,2621161,1654,8479049.318
1.62,2624400,1655,8494781.0
1.621,2627641,1656,8510532.122
1.622,2630884,1657,8526302.696
1.623,2634129,1658,8542092.734
1.624,2637376,1659,8557902.248
1.625,2640625,1660,8573731.25
1.626,2643876,1661,8589579.752
1.627,2647129,1662,8605447.766
1.628,2650384,1663,8621335.304
1.629,2653641,1664,8637242.378
1.63,2656900,1665,8653169.0
1.631,2660161,1666,8669115.182
1.632,2663424,1667,8685080.935999999
1.633,2666689,1668,8701066.274
1.634,2669956,1669,8717071.207999999
1.635,2673225,1670,8733095.75
1.636,2676496,1671,8749139.911999999
1.637,2679769,1672,8765203.706
1.638,2683044,1673,8781287.144
1.639,2686321,1674,8797390.238
1.64,2689600,1675,8813513.0
1.641,2692881,1676,8829655.442
1.642,2696164,1677,8845817.576
1.643,2699449,1678,8861999.414
1.644,2702736,1679,8878200.968
1.645,2706025,1680,8894422.25
1.646,2709316,1681,8910663.272
1.647,2712609,1682,8926924.046
1.648,2715904,1683,8943204.583999999
1.649,2719201,1684,8959504.898
1.65,2722500,1685,8975825.0
1.651,2725801,1686,8992164.902
1.652,2729104,1687,9008524.616
1.653,2732409,1688,9024904.154000001
1.654,2735716,1689,9041303.527999999
1.655,2739025,1690,9057722.75
1.656,2742336,1691,9074161.832
1.657,2745649,1692,9090620.786
1.658,2748964,1693,9107099.624
1.659,2752281,1694,9123598.358000001
1.66,2755600,1695,9140117.0
1.661,2758921,1696,9156655.562
1.662,2762244,1697,9173214.056
1.663,2765569,1698,9189792.494
1.664,2768896,1699,9206390.888
1.665,2772225,1700,9223009.25
1.666,2775556,1701,9239647.592
1.667,2778889,1702,9256305.926
1.668,2782224,1703,9272984.264
1.669,2785561,1704,9289682.618
1.67,2788900,1705,9306401.0
1.671,2792241,1706,9323139.422
1.672,2795584,1707,9339897.896
1.673,2798929,1708,9356676.434
1.674,2802276,1709,9373475.048
1.675,2805625,1710,9390293.75
1.676,2808976,1711,9407132.552
1.677,2812329,1712,9423991.466
1.678,2815684,1713,9440870.503999999
1.679,2819041,1714,9457769.678
1.68,2822400,1715,9474689.0
1.681,2825761,1716,9491628.482
1.682,2829124,1717,9508588.136
1.683,2832489,1718,9525567.974
1.684,2835856,1719,9542568.008
1.685,2839225,1720,9559588.25
1.686,2842596,1721,9576628.712
1.687,2845969,1722,9593689.406
1.688,2849344,1723,9610770.344
1.689,2852721,1724,9627871.538
1.69,2856100,1725,9644993.0
1.691,2859481,1726,9662134.742
1.692,2862864,1727,9679296.776
1.693,2866249,1728,9696479.114
1.694,2869636,1729,9713681.768
1.695,2873025,1730,9730904.75
1.696,2876416,1731,9748148.072
1.697,2879809,1732,9765411.746000001
1.698,2883204,1733,9782695.784
1.699,2886601,1734,9800000.198
1.7,2890000,1735,9817325.0
1.701,2893401,1736,9834670.202
1.702,2896804,1737,9852035.816
1.703,2900209,1738,9869421.854
1.704,2903616,1739,9886828.328
1.705,2907025,1740,9904255.25
1.706,2910436,1741,9921702.632
1.707,2913849,1742,9939170.486
1.708,2917264,1743,9956658.824
1.709,2920681,1744,9974167.658
1.71,2924100,1745,9991697.0
1.711,2927521,1746,10009246.862
1.712,2930944,1747,10026817.256
1.713,2934369,1748,10044408.194
1.714,2937796,1749,10062019.688
1.715,2941225,1750,10079651.75
1.716,2944656,1751,10097304.391999999
1.717,2948089,1752,10114977.626
1.718,2951524,1753,10132671.464
1.719,2954961,1754,10150385.918
1.72,2958400,1755,10168121.0
1.721,2961841,1756,10185876.722000001
1.722,2965284,1757,10203653.095999999
1.723,2968729,1758,10221450.134
1.724,2972176,1759,10239267.848
1.725,2975625,1760,10257106.25
1.726,2979076,1761,10274965.352
1.727,2982529,1762,10292845.166000001
1.728,2985984,1763,10310745.704
1.729,2989441,1764,10328666.978
1.73,2992900,1765,10346609.0
1.731,2996361,1766,10364571.782
1.732,2999824,1767,10382555.336
1.733,3003289,1768,10400559.674
1.734,3006756,1769,10418584.808
1.735,3010225,1770,10436630.75
1.736,3013696,1771,10454697.512
1.737,3017169,1772,10472785.106
1.738,3020644,1773,10490893.544
1.739,3024121,1774,10509022.838000001
1.74,3027600,1775,10527173.0
1.741,3031081,1776,10545344.042000001
1.742,3034564,1777,10563535.976
1.743,3038049,1778,10581748.814000001
1.744,3041536,1779,10599982.568
1.745,3045025,1780,10618237.25
1.746,3048516,1781,10636512.872
1.747,3052009,1782,10654809.446
1.748,3055504,1783,10673126.984
1.749,3059001,1784,10691465.498000002
1.75,3062500,1785,10709825.0
1.751,3066001,1786,10728205.501999998
1.752,3069504,1787,10746607.016
1.753,3073009,1788,10765029.554
1.754,3076516,1789,10783473.128
1.755,3080025,1790,10801937.75
1.756,3083536,1791,10820423.432
1.757,3087049,1792,10838930.185999999
1.758,3090564,1793,10857458.024
1.759,3094081,1794,10876006.957999999
1.76,3097600,1795,10894577.0
1.761,3101121,1796,10913168.161999999
1.762,3104644,1797,10931780.456
1.763,3108169,1798,10950413.894
1.764,3111696,1799,10969068.488
1.765,3115225,1800,10987744.25
1.766,3118756,1801,11006441.192
1.767,3122289,1802,11025159.326
1.768,3125824,1803,11043898.664
1.769,3129361,1804,11062659.217999998
1.77,3132900,1805,11081441.0
1.771,3136441,1806,11100244.022
1.772,3139984,1807,11119068.296
1.773,3143529,1808,11137913.833999999
1.774,3147076,1809,11156780.648
1.775,3150625,1810,11175668.75
1.776,3154176,1811,11194578.152
1.777,3157729,1812,11213508.865999999
1.778,3161284,1813,11232460.904000001
1.779,3164841,1814,11251434.277999999
1.78,3168400,1815,11270429.0
1.781,3171961,1816,11289445.081999999
1.782,3175524,1817,11308482.536
1.783,3179089,1818,11327541.374
1.784,3182656,1819,11346621.608000001
1.785,3186225,1820,11365723.25
1.786,3189796,1821,11384846.312
1.787,3193369,1822,11403990.806
1.788,3196944,1823,11423156.744
1.789,3200521,1824,11442344.138
1.79,3204100,1825,11461553.0
1.791,3207681,1826,11480783.342
1.792,3211264,1827,11500035.176
1.793,3214849,1828,11519308.514
1.794,3218436,1829,11538603.368
1.795,3222025,1830,11557919.75
1.796,3225616,1831,11577257.672
1.797,3229209,1832,11596617.146
1.798,3232804,1833,11615998.184
1.799,3236401,1834,11635400.798
1.8,3240000,1835,11654825.0
1.801,3243601,1836,11674270.802
1.802,3247204,1837,11693738.216
1.803,3250809,1838,11713227.253999999
1.804,3254416,1839,11732737.928000001
1.805,3258025,1840,11752270.25
1.806,3261636,1841,11771824.232
1.807,3265249,1842,11791399.886
1.808,3268864,1843,11810997.224
1.809,3272481,1844,11830616.258
1.81,3276100,1845,11850257.0
1.811,3279721,1846,11869919.462
1.812,3283344,1847,11889603.656
1.813,3286969,1848,11909309.594
1.814,3290596,1849,11929037.288
1.815,3294225,1850,11948786.75
1.816,3297856,1851,11968557.992
1.817,3301489,1852,11988351.026
1.818,3305124,1853,12008165.864
1.819,3308761,1854,12028002.518
1.82,3312400,1855,12047861.0
1.821,3316041,1856,12067741.321999999
1.822,3319684,1857,12087643.496000001
1.823,3323329,1858,12107567.534
1.824,3326976,1859,12127513.448
1.825,3330625,1860,12147481.25
1.826,3334276,1861,12167470.952
1.827,3337929,1862,12187482.566
1.828,3341584,1863,12207516.104
1.829,3345241,1864,12227571.578
1.83,3348900,1865,12247649.0
1.831,3352561,1866,12267748.382
1.832,3356224,1867,12287869.736
1.833,3359889,1868,12308013.074
1.834,3363556,1869,12328178.408
1.835,3367225,1870,12348365.75
1.836,3370896,1871,12368575.112
1.837,3374569,1872,12388806.506
1.838,3378244,1873,12409059.944
1.839,3381921,1874,12429335.438
1.84,3385600,1875,12449633.0
1.841,3389281,1876,12469952.641999999
1.842,3392964,1877,12490294.376
1.843,3396649,1878,12510658.214
1.844,3400336,1879,12531044.168000001
1.845,3404025,1880,12551452.25
1.846,3407716,1881,12571882.472000001
1.847,3411409,1882,12592334.845999999
1.848,3415104,1883,12612809.384000001
1.849,3418801,1884,12633306.098
1.85,3422500,1885,12653825.0
1.851,3426201,1886,12674366.102
1.852,3429904,1887,12694929.416000001
1.853,3433609,1888,12715514.954
1.854,3437316,1889,12736122.728
1.855,3441025,1890,12756752.75
1.856,3444736,1891,12777405.032000002
1.857,3448449,1892,12798079.586
1.858,3452164,1893,12818776.424
1.859,3455881,1894,12839495.558
1.86,3459600,1895,12860237.0
1.861,3463321,1896,12881000.762
1.862,3467044,1897,12901786.856
1.863,3470769,1898,12922595.294
1.864,3474496,1899,12943426.088000001
1.865,3478225,1900,12964279.25
1.866,3481956,1901,12985154.792000001
1.867,3485689,1902,13006052.726
1.868,3489424,1903,13026973.064000001
1.869,3493161,1904,13047915.818
1.87,3496900,1905,13068881.0
1.871,3500641,1906,13089868.622
1.872,3504384,1907,13110878.696
1.873,3508129,1908,13131911.234
1.874,3511876,1909,13152966.248000002
1.875,3515625,1910,13174043.75
1.876,3519376,1911,13195143.751999998
1.877,3523129,1912,13216266.266
1.878,3526884,1913,13237411.304
1.879,3530641,1914,13258578.878
1.88,3534400,1915,13279769.0
1.881,3538161,1916,13300981.682
1.882,3541924,1917,13322216.935999999
1.883,3545689,1918,13343474.774
1.884,3549456,1919,13364755.207999999
1.885,3553225,1920,13386058.25
1.886,3556996,1921,13407383.911999999
1.887,3560769,1922,13428732.206
1.888,3564544,1923,13450103.144
1.889,3568321,1924,13471496.738
1.89,3572100,1925,13492913.0
1.891,3575881,1926,13514351.942
1.892,3579664,1927,13535813.576
1.893,3583449,1928,13557297.914
1.894,3587236,1929,13578804.967999998
1.895,3591025,1930,13600334.75
1.896,3594816,1931,13621887.272
1.897,3598609,1932,13643462.546
1.898,3602404,1933,13665060.583999999
1.899,3606201,1934,13686681.398
1.9,3610000,1935,13708325.0
1.901,3613801,1936,13729991.402
1.902,3617604,1937,13751680.615999999
1.903,3621409,1938,13773392.654000001
1.904,3625216,1939,13795127.527999999
1.905,3629025,1940,13816885.25
1.906,3632836,1941,13838665.831999999
1.907,3636649,1942,13860469.286
1.908,3640464,1943,13882295.624
1.909,3644281,1944,13904144.858000001
1.91,3648100,1945,13926017.0
1.911,3651921,1946,13947912.062
1.912,3655744,1947,13969830.056
1.913,3659569,1948,13991770.994
1.914,3663396,1949,14013734.888
1.915,3667225,1950,14035721.75
1.916,3671056,1951,14057731.592
1.917,3674889,1952,14079764.426
1.918,3678724,1953,14101820.263999999
1.919,3682561,1954,14123899.118
1.92,3686400,1955,14146001.0
1.921,3690241,1956,14168125.922
1.922,3694084,1957,14190273.896
1.923,3697929,1958,14212444.934
1.924,3701776,1959,14234639.048
1.925,3705625,1960,14256856.25
1.926,3709476,1961,14279096.552
1.927,3713329,1962,14301359.966
1.928,3717184,1963,14323646.503999999
1.929,3721041,1964,14345956.178000001
1.93,3724900,1965,14368289.0
1.931,3728761,1966,14390644.982
1.932,3732624,1967,14413024.136
1.933,3736489,1968,14435426.474
1.934,3740356,1969,14457852.008
1.935,3744225,1970,14480300.75
1.936,3748096,1971,14502772.712
1.937,3751969,1972,14525267.906
1.938,3755844,1973,14547786.344
1.939,3759721,1974,14570328.038
1.94,3763600,1975,14592893.0
1.941,3767481,1976,14615481.242
1.942,3771364,1977,14638092.776
1.943,3775249,1978,14660727.614
1.944,3779136,1979,14683385.768
1.945,3783025,1980,14706067.25
1.946,3786916,1981,14728772.071999999
1.947,3790809,1982,14751500.246000001
1.948,3794704,1983,14774251.784
1.949,3798601,1984,14797026.698
1.95,3802500,1985,14819825.0
1.951,3806401,1986,14842646.702
1.952,3810304,1987,14865491.816
1.953,3814209,1988,14888360.354
1.954,3818116,1989,14911252.328
1.955,3822025,1990,14934167.75
1.956,3825936,1991,14957106.632
1.957,3829849,1992,14980068.986000001
1.958,3833764,1993,15003054.824
1.959,3837681,1994,15026064.158
1.96,3841600,1995,15049097.0
1.961,3845521,1996,15072153.362
1.962,3849444,1997,15095233.256
1.963,3853369,1998,15118336.694
1.964,3857296,1999,15141463.688
1.965,3861225,2000,15164614.25
1.966,3865156,2001,15187788.391999999
1.967,3869089,2002,15210986.126
1.968,3873024,2003,15234207.464
1.969,3876961,2004,15257452.418000001
1.97,3880900,2005,15280721.0
1.971,3884841,2006,15304013.222000001
1.972,3888784,2007,15327329.095999999
1.973,3892729,2008,15350668.634000001
1.974,3896676,2009,15374031.848
1.975,3900625,2010,15397418.75
1.976,3904576,2011,15420829.352
1.977,3908529,2012,15444263.666000001
1.978,3912484,2013,15467721.704
1.979,3916441,2014,15491203.478
1.98,3920400,2015,15514709.0
1.981,3924361,2016,15538238.282000002
1.982,3928324,2017,15561791.336
1.983,3932289,2018,15585368.174
1.984,3936256,2019,15608968.808
1.985,3940225,2020,15632593.25
1.986,3944196,2021,15656241.512
1.987,3948169,2022,15679913.606
1.988,3952144,2023,15703609.544
1.989,3956121,2024,15727329.338000001
1.99,3960100,2025,15751073.0
1.991,3964081,2026,15774840.542000001
1.992,3968064,2027,15798631.976
1.993,3972049,2028,15822447.314000001
1.994,3976036,2029,15846286.568
1.995,3980025,2030,15870149.75
1.996,3984016,2031,15894036.872
1.997,3988009,2032,15917947.946
1.998,3992004,2033,15941882.984
1.999,3996001,2034,15965841.998000002
